Module,Backend,Frontend,Base de DonnÃ©es,Tests,Progression (%),Statut,Ce qui manque
Authentification,auth.routes.ts,Login.tsx,users table,Complets,100,âœ… COMPLET,Rien
Formations (Courses),courses.routes.ts,Courses.tsx,courses table,Complets,100,âœ… COMPLET,Rien
Salles,rooms.routes.ts,Rooms.tsx,rooms table,Complets,100,âœ… COMPLET,Rien
CrÃ©neaux Horaires,timeslots.routes.ts,TimeSlots.tsx,time_slots table,Complets,100,âœ… COMPLET,Rien
Formateurs,trainers.routes.ts,Trainers.tsx,trainers table,Complets,100,âœ… COMPLET,Rien
Sessions,sessions.routes.ts,Sessions.tsx,"sessions table (avec enrolledCount)",Complets,100,âœ… COMPLET,Rien
Inscriptions,registrations.routes.ts,Registrations.tsx,registrations table,Partiels,90,ğŸŸ¡ PARTIEL,GÃ©nÃ©ration badge QR backend
Ã‰tudiants,students.routes.ts,Students.tsx + StudentDetail.tsx,students table (manque champs QR),Partiels,85,ğŸŸ¡ PARTIEL,"Champs QR backend, badge expiry"
Affectations (Enrollments),enrollments.routes.ts,Enrollments.tsx,enrollments table,Partiels,85,ğŸŸ¡ PARTIEL,Page frontend Ã  nettoyer
Ã‰chÃ©anciers de Paiement,payment-schedules.routes.ts,PaymentSchedules.tsx,payment_schedules table,Complets,95,ğŸŸ¡ PARTIEL,Auto-gÃ©nÃ©ration lors validation inscription
Paiements,payments.routes.ts,Finance.tsx + FinanceNew.tsx,payment_transactions table,Partiels,80,ğŸŸ¡ PARTIEL,Nettoyage pages doublons
Retards de Paiement,Dans payment-schedules,OverduePayments.tsx,Utilise payment_schedules,Partiels,90,ğŸŸ¡ PARTIEL,Tests complets
Dashboard,dashboard.routes.ts,Dashboard.tsx,N/A,Partiels,70,ğŸŸ¡ PARTIEL,Widgets prÃ©sences manquants
GÃ©nÃ©ration Auto Sessions,âŒ Aucun,âŒ N/A,"sessions table (OK, liÃ© Ã  course)",âŒ Aucun,0,âŒ Ã€ CRÃ‰ER,"SessionGeneratorService: 3 patterns (TUTORING Sep-Juin, QUALIFYING N mois, SHORT 1-2 sessions)"
SystÃ¨me QR Code,âŒ Aucun,QR frontend seulement,âŒ Champs manquants,âŒ Aucun,0,âŒ Ã€ CRÃ‰ER,Tout Ã  crÃ©er
Gestion des PrÃ©sences,âŒ Aucun,âŒ Aucun,âŒ attendance table,âŒ Aucun,0,âŒ Ã€ CRÃ‰ER,Tout Ã  crÃ©er
Scan QR PrÃ©sences,âŒ Aucun,âŒ Aucun,âŒ Manque entitÃ©s,âŒ Aucun,0,âŒ Ã€ CRÃ‰ER,Tout Ã  crÃ©er
Rapports PrÃ©sences,âŒ Aucun,âŒ Aucun,âŒ attendance_reports table,âŒ Aucun,0,âŒ Ã€ CRÃ‰ER,Tout Ã  crÃ©er